	GEOID	CRIME_RATE
0	1001	122.75476126
1	1003	48.9728200849
2	1005	63.2275821029
3	1007	17.7730383009
4	1009	155.927857378
5	1011	139.353400223
6	1013	216.791486007
7	1015	12.9404051209
8	1017	11.7384669562
9	1019	188.193724315
10	1021	179.827456693
11	1025	288.634996993
12	1027	125.442739079
13	1031	55.0000982145
14	1033	106.338118549
15	1037	119.41943781
16	1039	58.0260589756
17	1041	372.039779638
18	1043	103.335014578
19	1045	58.604801552
20	1047	155.834192419
21	1049	180.116794484
22	1051	64.2157649703
23	1053	63.6048021626
24	1055	83.0669074963
25	1059	82.2758773457
26	1061	194.669062594
27	1063	280.603297089
28	1065	92.2023182297
29	1067	110.529377545
30	1069	76.7805898669
31	1071	153.802335517
32	1075	113.587959676
33	1079	197.150282283
34	1083	90.3213015079
35	1085	463.137996219
36	1087	123.552123552
37	1089	97.6308810473
38	1091	164.097463948
39	1093	99.1047537247
40	1095	49.6639756541
41	1097	33.4840517148
42	1099	154.918667699
43	1101	8.84216296991
44	1109	44.9249752913
45	1111	8.87350814144
46	1113	72.137968058
47	1115	33.4498310207
48	1121	90.9962863678
49	1123	46.1557148063
50	1125	105.334994956
51	1127	157.321562218
52	1129	130.687893549
53	1131	468.552892413
54	1133	62.1118012422
55	4001	83.532884112
56	4005	66.0943333188
57	4007	143.074982586
58	4009	310.878098901
59	4012	128.515644308
60	4013	27.2558830747
61	4015	80.1530283584
62	4017	63.8291967697
63	4019	97.1612199308
64	4021	48.2685522918
65	4023	17.132455295
66	4027	74.7858516977
67	5001	0.235978733597
68	5001	37.6465526514
69	5003	147.985487875
70	5005	93.0073182074
71	5007	35.0774386042
72	5009	134.423056243
73	5013	38.4467512495
74	5015	154.988465975
75	5017	35.7781753131
76	5019	44.2948263643
77	5023	152.141686822
78	5025	23.6714404071
79	5027	121.171604061
80	5029	132.808423849
81	5031	28.287715328
82	5033	84.2828662658
83	5035	205.860983289
84	5037	179.950078365
85	5039	64.4745325596
86	5043	279.239609065
87	5045	96.0519342872
88	5047	213.423195732
89	5049	90.7216494845
90	5051	397.649041327
91	5053	99.2063492063
92	5055	41.1955874949
93	5057	250.817395978
94	5061	29.6296296296
95	5063	476.203360481
96	5065	177.962331307
97	5067	222.425002852
98	5071	153.816573736
99	5073	98.43903811
100	5075	64.9695824228
101	5077	20.2839756592
102	5079	14.3163922691
103	5085	111.798985424
104	5087	235.069885642
105	5089	256.61391825
106	5091	80.5931656995
107	5093	63.2982932067
108	5095	26.3782643102
109	5097	220.215811495
110	5099	57.3197294509
111	5101	215.08097166
112	5105	517.325524646
113	5109	117.924528302
114	5111	12.3731749567
115	5113	173.05315204
116	5115	94.9352067214
117	5117	132.46628131
118	5119	90.9086279163
119	5121	187.809458767
120	5123	70.6345960816
121	5125	184.066575065
122	5127	187.038249322
123	5129	113.50737798
124	5131	48.9051555499
125	5133	51.6469643062
126	5137	104.049943973
127	5139	119.322842867
128	5141	201.768441042
129	5143	73.825138592
130	5145	109.425895765
131	5147	14.4717800289
132	5149	177.668443351
133	6003	358.422939068
134	6005	149.692450057
135	6007	36.5677998225
136	6009	237.540337038
137	6011	116.718801064
138	6013	37.0723964515
139	6015	374.83463178
140	6017	131.08522178
141	6019	76.089004466
142	6021	289.751386156
143	6023	149.841627784
144	6025	119.492325131
145	6027	429.114611624
146	6031	95.8281481876
147	6033	300.697993269
148	6035	103.940281584
149	6037	50.3227088266
150	6039	247.81944768
151	6041	34.8993288591
152	6043	401.538287524
153	6045	352.797915078
154	6047	174.580350137
155	6049	221.655768591
156	6051	57.1551046653
157	6053	59.3493823955
158	6055	29.6469890659
159	6057	146.623117915
160	6061	77.7521294398
161	6063	483.714930668
162	6065	32.1559835674
163	6069	102.974239278
164	6071	46.0092425563
165	6079	94.9538309392
166	6081	34.801820768
167	6083	68.5323191155
168	6085	13.4592698742
169	6087	105.222881194
170	6091	366.3003663
171	6095	23.6587023434
172	6097	122.528443389
173	6099	68.6094094516
174	6101	97.0296409903
175	6103	247.355986491
176	6105	258.162490509
177	6109	239.638869796
178	6113	35.647189171
179	6115	277.154368223
180	8001	96.106241081
181	8003	0.0
182	8005	34.74348802
183	8009	27.4348422497
184	8011	142.095914742
185	8015	21.7829330719
186	8017	106.894708712
187	8019	304.778491346
188	8021	12.0992135511
189	8023	224.215246637
190	8025	55.9701492537
191	8027	91.7220820913
192	8029	13.3913625711
193	8033	101.11223458
194	8035	47.9916602572
195	8037	85.032406795
196	8039	0.0
197	8041	66.0116741194
198	8043	90.3186959701
199	8045	46.9883921268
200	8047	170.910955392
201	8049	54.9979375773
202	8051	6.35930047695
203	8053	0.0
204	8055	123.800680904
205	8057	0.0
206	8059	29.9013613177
207	8063	49.5540138751
208	8065	67.9624847084
209	8067	68.5324788383
210	8069	33.6293124194
211	8071	7.11642470823
212	8073	72.5952813067
213	8075	48.8367963062
214	8077	136.926241948
215	8081	0.0
216	8083	131.926121372
217	8085	80.7378954322
218	8087	38.8308387461
219	8091	0.0
220	8093	110.125420618
221	8095	68.760027504
222	8097	22.6937478725
223	8099	16.6195778627
224	8101	31.5057915058
225	8103	0.0
226	8105	17.2309813044
227	8107	25.1414204903
228	8109	48.4183344093
229	8111	138.888888889
230	8113	0.0
231	8115	340.715502555
232	8117	71.4188545776
233	8119	145.36748044
234	8123	55.4615190694
235	12001	223.106326547
236	12003	501.974679807
237	12005	179.344637819
238	12007	318.328215115
239	12009	131.984161901
240	12011	14.3374161087
241	12013	116.983209469
242	12015	169.759131973
243	12017	348.694547881
244	12019	218.720908117
245	12021	251.450066948
246	12023	350.7375805
247	12027	308.465668914
248	12029	421.198214622
249	12033	566.859482584
250	12035	210.921021795
251	12037	220.05924672
252	12039	248.482098485
253	12041	294.169559334
254	12043	256.6923359
255	12045	263.421976919
256	12047	313.211845103
257	12049	178.382904365
258	12051	573.951434879
259	12053	230.30337494
260	12055	223.950486583
261	12057	147.155127486
262	12059	269.720101781
263	12061	196.884390867
264	12063	235.650908793
265	12065	875.444839858
266	12067	249.009620826
267	12069	129.557477272
268	12071	187.634379328
269	12073	121.131878812
270	12077	83.7320574163
271	12079	594.016632466
272	12081	429.571338409
273	12083	306.043925264
274	12085	202.748513612
275	12086	246.76345933
276	12087	243.725368181
277	12089	71.7837612081
278	12091	283.952125061
279	12093	344.836394288
280	12095	443.016406212
281	12097	221.139804843
282	12099	145.523749562
283	12101	229.946160455
284	12103	92.954041049
285	12105	194.914266086
286	12107	453.266429175
287	12109	196.862136849
288	12111	82.1226823536
289	12113	134.008884973
290	12115	131.498732876
291	12117	125.645174412
292	12119	135.548753826
293	12121	333.923947117
294	12123	349.836152688
295	12125	302.830809743
296	12127	137.331512755
297	12129	273.606515653
298	12131	321.794246709
299	12133	139.053617439
300	13009	411.683983533
301	13011	71.057666029
302	13015	322.403082488
303	13017	62.9867155291
304	13019	42.7807486631
305	13023	125.048847206
306	13025	168.32274529
307	13027	77.8311064989
308	13029	112.074559075
309	13031	52.7140815958
310	13033	312.651371703
311	13035	166.894899007
312	13039	107.636419551
313	13045	119.201002691
314	13047	117.340485515
315	13049	62.029929441
316	13053	0.0
317	13055	128.313083925
318	13057	55.8477823235
319	13059	3.30747986572
320	13063	5.60659634749
321	13065	146.391450739
322	13067	0.0
323	13069	126.135806218
324	13073	47.3943859196
325	13075	17.4276751481
326	13077	95.1530932132
327	13079	96.8757568419
328	13081	47.9637219848
329	13083	665.080236744
330	13085	91.4753669905
331	13087	154.298310066
332	13089	0.0
333	13091	138.2532418
334	13093	56.3856780378
335	13095	2.16433819949
336	13097	137.631867182
337	13099	247.831474597
338	13101	99.9250562078
339	13103	59.5420673728
340	13105	123.469492746
341	13107	48.3410239508
342	13109	45.8799779776
343	13111	84.1998905401
344	13113	40.1225561716
345	13115	17.6967198609
346	13117	52.3734471518
347	13119	22.4577793748
348	13121	0.301108379947
349	13123	263.623434736
350	13125	32.7546675401
351	13129	199.832283619
352	13131	102.527702196
353	13133	48.5142510612
354	13137	73.1395136222
355	13139	92.7862613427
356	13143	488.809748263
357	13145	27.3755931379
358	13147	256.137447295
359	13149	129.276911144
360	13153	42.9210453957
361	13155	109.841827768
362	13157	93.7449490868
363	13159	282.906491959
364	13161	323.036543509
365	13163	153.638151426
366	13169	86.8447563136
367	13171	49.4315373208
368	13173	163.887014364
369	13175	64.784435017
370	13177	174.711383646
371	13179	95.0949415626
372	13181	301.758068748
373	13183	99.3396832817
374	13189	116.986429574
375	13191	77.3884902209
376	13193	0.0
377	13195	151.879061882
378	13201	0.0
379	13205	171.270475605
380	13207	144.17211933
381	13211	27.8458453999
382	13213	162.395331134
383	13215	0.0
384	13217	289.365806607
385	13219	108.283703303
386	13221	402.099093573
387	13223	132.897501124
388	13225	78.0031201248
389	13229	52.6565215102
390	13231	112.460638776
391	13233	0.0
392	13237	325.594563986
393	13239	86.3930885529
394	13241	30.7824909192
395	13243	232.462737591
396	13247	160.676436402
397	13249	96.8429207825
398	13251	319.488817891
399	13253	103.615012664
400	13255	173.47002563
401	13257	117.739403454
402	13259	0.0
403	13261	70.4405737705
404	13263	0.0
405	13267	23.786869648
406	13269	201.374081971
407	13273	284.713096802
408	13275	84.5214528793
409	13277	226.022012579
410	13281	261.308343846
411	13283	103.275302449
412	13285	83.4904777671
413	13287	73.5925426223
414	13289	228.365384615
415	13291	222.88937409
416	13293	232.327848873
417	13295	274.121199683
418	13297	76.4709239286
419	13299	292.834013797
420	13301	144.927536232
421	13303	77.5381633148
422	13305	233.730675482
423	13307	226.500566251
424	13309	12.5078173859
425	13313	121.689749087
426	13315	169.548999661
427	13317	120.724346076
428	13319	117.949817714
429	13321	133.715377268
430	16001	43.1685732787
431	16003	129.5001295
432	16005	8.39862262589
433	16007	117.508813161
434	16009	175.477078307
435	16011	46.3893613731
436	16013	4.65506005027
437	16015	102.579132474
438	16017	74.5461103763
439	16019	68.1255351077
440	16021	54.649785955
441	16023	305.110602593
442	16025	0.0
443	16027	34.4584849096
444	16029	0.0
445	16031	169.92353441
446	16033	115.340253749
447	16035	221.910768512
448	16037	24.154589372
449	16039	42.1552847398
450	16041	7.67990169726
451	16043	23.3154581488
452	16045	29.6454405312
453	16047	79.6601168348
454	16049	0.673003504513
455	16049	67.8384212149
456	16051	22.2049517042
457	16053	74.502585678
458	16055	69.9129820941
459	16057	41.6547343209
460	16059	116.489774786
461	16061	26.0552371027
462	16063	169.300225734
463	16065	21.031599979
464	16067	54.125867244
465	16069	17.4969380358
466	16071	23.9005736138
467	16073	88.0824451687
468	16075	91.9600630583
469	16077	13.128528292
470	16079	201.775625504
471	16081	106.372691229
472	16083	80.3322045629
473	16085	142.479136984
474	16087	29.9371320228
475	17001	47.7697498059
476	17003	200.213561132
477	17009	43.9110070258
478	17011	50.2364066194
479	17015	0.0
480	17019	42.0019987158
481	17023	24.7218788628
482	17025	22.1893491124
483	17027	13.2075970098
484	17029	28.1320330083
485	17031	3.86927861398
486	17035	18.4621065264
487	17039	30.7049864898
488	17045	117.706406592
489	17049	40.7925407925
490	17051	22.8623685414
491	17053	73.056691993
492	17055	32.9857146482
493	17057	30.5496153526
494	17059	75.6000756001
495	17061	37.2189965759
496	17067	21.5470803706
497	17073	6.04412209127
498	17077	46.9192486217
499	17081	72.6631027145
500	17083	39.8741748261
501	17085	8.98714837782
502	17089	13.843953985
503	17091	43.9955106622
504	17093	20.601565719
505	17095	44.1721561774
506	17097	10.6354919128
507	17101	0.0
508	17105	52.7662717991
509	17107	50.4269481611
510	17109	21.9573400251
511	17111	20.827706056
512	17113	14.3627808642
513	17115	20.3045685279
514	17117	8.61085398144
515	17119	21.3835534214
516	17121	28.5188353945
517	17123	16.647244881
518	17125	129.515038135
519	17127	40.254948004
520	17129	39.7772474145
521	17133	5.93084633177
522	17137	34.3554066821
523	17141	28.7990784295
524	17143	40.0386506441
525	17145	32.2997416021
526	17147	115.635080032
527	17153	292.347377472
528	17155	0.0
529	17157	9.12714107518
530	17161	32.1778958395
531	17163	36.8796781684
532	17165	36.5675280351
533	17167	58.7948562039
534	17169	27.2851296044
535	17171	38.4319754035
536	17173	22.6777939042
537	17175	51.6084637881
538	17177	8.61419188112
539	17179	19.8958049327
540	17181	97.4379549493
541	17183	76.5101344572
542	17185	8.65875833405
543	17187	27.9735929283
544	17191	132.986761772
545	17193	69.5700570474
546	17195	28.1313735143
547	17197	21.1549431807
548	17199	22.3853868195
549	17201	43.6678195895
550	18003	28.6949535142
551	18005	52.357978982
552	18009	32.2554632691
553	18013	66.8359844941
554	18017	20.8127373953
555	18023	45.7651940444
556	18025	225.24636321
557	18027	0.0
558	18035	36.7289065036
559	18039	13.3682558387
560	18043	1.31269772509
561	18047	17.441353449
562	18049	29.2682926829
563	18051	82.9408454042
564	18053	46.668319503
565	18061	53.4364742105
566	18063	94.8377505511
567	18065	4.08204918869
568	18071	48.0494222629
569	18075	51.9382407101
570	18079	275.0
571	18081	61.0012335805
572	18083	36.9023143023
573	18085	58.5509902754
574	18087	88.4587366011
575	18089	10.607309252
576	18093	207.859268335
577	18095	16.9140994395
578	18103	30.5946487178
579	18105	51.6258659541
580	18113	27.3006006132
581	18121	40.6197411942
582	18125	23.7642585551
583	18127	23.9412004118
584	18129	184.025058731
585	18137	0.0
586	18141	42.9716984657
587	18145	67.2962605711
588	18151	26.2329485834
589	18153	80.7600950119
590	18157	10.3783169647
591	18167	58.2389646406
592	18169	15.5029145479
593	18173	125.921928404
594	18177	2.95547575771
595	18179	7.17823558969
596	18181	0.0
597	19001	67.0780788838
598	19003	103.225806452
599	19007	86.8809730669
600	19013	12.7918613663
601	19015	52.9640979079
602	19017	28.316006634
603	19021	48.5955875207
604	19025	40.5432799513
605	19029	81.7965496728
606	19031	48.8838194558
607	19033	16.1834743608
608	19035	16.8976005407
609	19039	43.3980687859
610	19041	54.4959128065
611	19043	79.131810988
612	19045	43.7035649622
613	19049	25.8397932817
614	19051	45.5528983032
615	19055	80.4690194275
616	19057	44.7149422432
617	19059	35.4295837024
618	19061	20.7533464771
619	19063	170.17017017
620	19065	117.976699602
621	19067	62.200659327
622	19073	0.0
623	19075	72.7272727273
624	19079	79.3808295297
625	19081	81.6178471026
626	19083	46.2133903298
627	19087	217.638620963
628	19089	63.49878294
629	19091	20.7468879668
630	19093	170.406134621
631	19095	0.354024909193
632	19095	67.1755725191
633	19099	78.6504664786
634	19101	5.77200577201
635	19103	42.16829366
636	19107	117.29058743
637	19109	65.6943896991
638	19111	76.5175990478
639	19113	18.8288457918
640	19115	107.517247558
641	19117	57.4646592346
642	19119	111.272789523
643	19121	44.8459222244
644	19123	44.7027268663
645	19125	146.860482542
646	19127	36.7053296139
647	19129	101.139505091
648	19133	11.1160515785
649	19135	37.4953130859
650	19139	48.9476260401
651	19141	142.287990894
652	19143	48.2470247668
653	19149	64.3241939374
654	19151	84.057158868
655	19153	18.7012625527
656	19155	85.9032729147
657	19157	53.5676023141
658	19159	79.1922391606
659	19161	19.9302441455
660	19163	49.0118853822
661	19167	20.1839624002
662	19169	23.3860937782
663	19171	246.404217523
664	19173	32.5573823865
665	19175	7.98977309044
666	19177	133.904659882
667	19179	68.1585823015
668	19181	87.5802819251
669	19183	117.806977798
670	19185	140.734949179
671	19187	37.883912867
672	19191	4.81510015408
673	19193	22.4892687076
674	19195	131.164742917
675	19197	15.5763239875
676	20001	85.2118676892
677	20003	101.48420652
678	20007	204.206657137
679	20009	29.2130728501
680	20011	135.391280802
681	20013	91.6963830871
682	20015	64.9282014888
683	20019	57.4547543809
684	20021	158.753066821
685	20023	222.799851467
686	20025	279.850746269
687	20027	84.1649633281
688	20029	106.553010123
689	20031	0.0
690	20035	50.0514417596
691	20037	91.6263680326
692	20041	46.4061049809
693	20043	12.7000254001
694	20051	51.7009616379
695	20053	78.2227784731
696	20055	61.8545611015
697	20057	60.353499066
698	20059	144.469173402
699	20061	38.1336311388
700	20063	110.0110011
701	20065	116.913484022
702	20067	51.1770726714
703	20069	213.745478461
704	20071	153.727901614
705	20073	110.619469027
706	20077	34.3760742523
707	20079	20.103388857
708	20081	243.5460302
709	20083	104.384133612
710	20085	125.563187828
711	20087	148.501723681
712	20091	8.7066755823
713	20093	280.970625798
714	20095	25.9807742271
715	20097	238.758456029
716	20099	52.4809160305
717	20101	177.830468287
718	20103	58.377857025
719	20105	31.5756236186
720	20111	48.1753583042
721	20113	30.7787011388
722	20115	49.1480996068
723	20121	79.215160563
724	20123	47.7402928071
725	20125	99.8091883165
726	20127	52.6500526501
727	20129	128.617363344
728	20131	88.6874260938
729	20133	103.557504873
730	20135	257.648953301
731	20137	53.9568345324
732	20139	43.9257028112
733	20141	53.2481363152
734	20143	82.4402308326
735	20147	72.2935116573
736	20149	161.593221819
737	20151	20.3045685279
738	20155	29.7833652068
739	20157	83.2812825318
740	20159	29.9550673989
741	20163	38.7972841901
742	20165	156.396621833
743	20167	71.8803910293
744	20169	25.1098556183
745	20171	78.7401574803
746	20175	25.5699978692
747	20191	63.7538252295
748	20193	63.3633253073
749	20197	341.782967815
750	20201	71.4540907467
751	20203	505.514705882
752	20205	99.6898537882
753	20207	190.05384859
754	20209	14.2295033285
755	21001	10.4144969798
756	21003	29.4348508634
757	21005	13.7061403509
758	21007	24.2718446602
759	21009	20.8584407157
760	21011	0.0
761	21013	64.7994816041
762	21015	53.791935956
763	21017	35.0490686962
764	21019	12.2870249017
765	21021	37.0295563186
766	21023	11.8962645729
767	21027	15.0844730491
768	21029	26.9386184337
769	21031	38.8349514563
770	21033	15.7170923379
771	21035	36.570712084
772	21037	0.0
773	21039	20.0883889112
774	21041	18.4928340268
775	21043	14.6934577379
776	21045	6.29287017809
777	21047	29.6296296296
778	21051	23.6440156996
779	21053	9.83767830792
780	21055	21.682567216
781	21057	0.0
782	21059	22.3861612821
783	21061	74.9188379256
784	21063	0.0
785	21065	27.6874091507
786	21069	13.7504297009
787	21071	5.24824183898
788	21073	32.0769847634
789	21075	0.0
790	21077	34.9283967866
791	21079	41.5233123739
792	21081	44.2211055276
793	21083	45.1911319049
794	21085	19.0883408414
795	21087	0.0
796	21089	13.7710697367
797	21091	11.4246544042
798	21093	12.9311141078
799	21095	7.1015161737
800	21097	10.7573149742
801	21099	16.1316341345
802	21101	15.0644543439
803	21103	6.42178268687
804	21105	0.0
805	21107	45.2820424357
806	21113	11.8075371445
807	21115	34.3908520334
808	21117	4.27014134168
809	21119	0.0
810	21121	12.5794075099
811	21123	28.2087447109
812	21125	28.3262517704
813	21127	25.3100480891
814	21129	0.0
815	21131	9.15918666422
816	21133	4.28100518002
817	21135	21.613832853
818	21137	4.09081611782
819	21139	53.4245111657
820	21141	78.1628019503
821	21143	0.0
822	21145	65.8337926389
823	21147	16.7944914068
824	21149	42.2029964127
825	21151	16.0293107396
826	21153	0.0
827	21155	24.9912530614
828	21157	45.2298646335
829	21159	47.8583393156
830	21161	23.301875801
831	21163	51.4774014208
832	21165	0.0
833	21167	28.143909189
834	21169	0.0
835	21171	0.0
836	21173	69.1562932227
837	21177	12.8176370686
838	21179	33.4731768276
839	21181	28.4050561
840	21183	70.9012803937
841	21185	3.15010237833
842	21187	0.0
843	21189	0.0
844	21191	13.799765404
845	21193	10.8707468203
846	21195	1.58644541041
847	21197	16.0849284221
848	21199	53.2706619663
849	21201	0.0
850	21203	47.5454653512
851	21205	4.22743606003
852	21207	28.1309778328
853	21209	23.3991108338
854	21211	37.8830083565
855	21213	11.2195669247
856	21215	22.6398007698
857	21217	51.4708793602
858	21219	0.0
859	21221	35.3556781219
860	21223	0.0
861	21225	79.1295746785
862	21227	22.4140793624
863	21229	0.0
864	21231	4.8813824075
865	21233	15.1103052282
866	21235	30.9832971862
867	21237	69.3096756307
868	21239	0.0
869	23001	13.9612807148
870	23003	8.6396820597
871	23005	10.0765470106
872	23007	26.4061262213
873	23009	0.0
874	23011	14.0365942268
875	23013	10.0816614578
876	23015	125.841381329
877	23017	19.2180020266
878	23019	6.5183099326
879	23021	17.6201104194
880	23023	8.56042231417
881	23025	46.908899009
882	23027	40.9720621751
883	23029	22.0070422535
884	23031	8.46993174231
885	24001	41.1229301458
886	24003	0.0
887	24009	132.431328838
888	24011	55.3199336161
889	24013	134.064231663
890	24015	90.8353925945
891	24017	320.52317654
892	24019	24.5564491375
893	24021	84.5388324613
894	24023	144.883587722
895	24025	174.726614822
896	24027	0.0
897	24029	60.5449041372
898	24031	0.0
899	24033	7.51854759351
900	24035	147.528891075
901	24037	209.273251074
902	24039	23.2027533934
903	24043	109.645457402
904	24045	94.5449531707
905	24047	15.4813739719
906	26001	66.9600153051
907	26003	0.0
908	26005	72.9048635449
909	26007	27.5976266041
910	26009	98.8524519706
911	26011	149.807855142
912	26013	46.2214005084
913	26015	40.4851470117
914	26017	51.7993200162
915	26019	85.6213254181
916	26021	53.4680126004
917	26023	20.6682741991
918	26027	100.759572159
919	26029	68.9100723556
920	26031	35.0535540409
921	26033	31.3144229013
922	26035	238.157379616
923	26037	28.4616479294
924	26039	123.681338669
925	26041	21.8824366093
926	26045	99.4667477136
927	26047	108.420672208
928	26051	114.123804652
929	26053	6.35445129313
930	26055	146.50481373
931	26057	62.4024960998
932	26059	63.2773292603
933	26061	21.92081107
934	26063	81.0852954935
935	26065	40.4101454062
936	26067	66.8802687654
937	26069	3.93391030685
938	26071	26.3458329674
939	26073	49.5638382236
940	26075	107.04828441
941	26077	82.6835846039
942	26079	224.215246637
943	26081	48.471402667
944	26083	90.2119981958
945	26085	246.891808482
946	26087	62.3915238279
947	26089	77.5724389687
948	26093	36.6387206621
949	26095	62.2471210707
950	26097	27.1689911248
951	26099	40.8086388749
952	26101	102.375102375
953	26103	8.86577220876
954	26105	117.957257841
955	26107	414.486176076
956	26109	59.0368558657
957	26111	53.9393721457
958	26113	159.606304449
959	26117	179.670233571
960	26119	21.5053763441
961	26121	25.5303346795
962	26123	175.365344468
963	26125	75.4523099393
964	26127	76.2747416193
965	26129	95.0615523551
966	26133	73.3739047866
967	26135	167.244056863
968	26137	45.5335706598
969	26139	172.643435206
970	26141	53.8295908951
971	26143	146.107284492
972	26145	48.7149508748
973	26147	98.7018828321
974	26149	68.9134643783
975	26151	144.275855436
976	26155	53.6753079077
977	26157	92.5925925926
978	26159	107.714198327
979	26161	119.089650689
980	26163	0.0
981	26165	54.7345374932
982	27001	126.815040264
983	27003	19.0134088409
984	27005	33.0737544725
985	27007	107.30553609
986	27009	53.1564825596
987	27011	39.0091671543
988	27013	24.4704442915
989	27015	11.8614581686
990	27017	30.9240673582
991	27019	47.2580081777
992	27021	280.121853006
993	27023	41.2881915772
994	27025	3.70198981953
995	27027	9.79016414842
996	27029	261.631213741
997	27031	38.2189948404
998	27033	34.3849393965
999	27035	31.6130561922
1000	27037	6.30258721205
1001	27039	137.571856729
1002	27041	57.0807284588
1003	27043	28.1848928974
1004	27045	52.9457065845
1005	27047	19.4552529183
1006	27051	16.7897918066
1007	27053	2.14510124878
1008	27055	42.6939908208
1009	27057	68.0503572644
1010	27059	83.3051310754
1011	27061	157.932834675
1012	27063	29.2141396436
1013	27065	144.381669805
1014	27067	54.3928106894
1015	27069	22.5479143179
1016	27071	93.3416303671
1017	27075	46.8164794007
1018	27077	76.5696784074
1019	27079	32.4090745409
1020	27081	120.939875605
1021	27083	0.0
1022	27085	30.6560392397
1023	27087	417.801998183
1024	27089	0.0
1025	27091	0.0
1026	27093	64.9153936037
1027	27095	146.808839437
1028	27099	50.8608193678
1029	27101	23.6127508855
1030	27103	33.2396579337
1031	27105	32.422417786
1032	27107	15.0625094141
1033	27109	21.2925935044
1034	27111	43.3764205778
1035	27113	0.0
1036	27115	261.213266884
1037	27117	32.3241030061
1038	27119	82.0085793591
1039	27121	91.0415149308
1040	27123	0.750955121045
1041	27125	24.7341083354
1042	27127	25.7815017725
1043	27129	53.2445923461
1044	27131	16.8838544305
1045	27133	1109.59907882
1046	27135	6.37795777792
1047	27137	21.8961029913
1048	27139	6.44366802222
1049	27141	19.752869653
1050	27143	0.0
1051	27145	19.6191273412
1052	27147	8.20277253712
1053	27149	20.4081632653
1054	27151	52.9885544722
1055	27153	57.6986482031
1056	27155	88.573959256
1057	27157	46.8120962457
1058	27159	58.1522134186
1059	27161	5.25624178712
1060	27163	17.2494714842
1061	27165	72.1826220337
1062	27167	46.1893764434
1063	27169	13.6994344091
1064	27171	52.3407072153
1065	27173	89.0295776041
1066	28019	24.1138172173
1067	28021	231.27753304
1068	28039	51.4955155988
1069	28041	104.704732654
1070	28045	39.1738666783
1071	28047	14.0662520471
1072	28049	14.3602115464
1073	28057	97.7600204021
1074	28059	72.9787369719
1075	28069	88.5565285841
1076	28073	38.2701875239
1077	28075	50.1636589373
1078	28081	38.7114937944
1079	28091	92.7787227463
1080	28105	62.7352572146
1081	28107	403.55359424
1082	28123	323.249358772
1083	28131	83.9160839161
1084	28141	0.0
1085	28143	518.965842612
1086	28149	25.0088573036
1087	28151	44.9364761632
1088	29001	23.4356690884
1089	29003	103.573278094
1090	29005	0.0
1091	29007	73.3959130065
1092	29009	207.503785542
1093	29013	379.88422576
1094	29015	233.967882591
1095	29017	96.8210424399
1096	29019	75.8466161409
1097	29021	21.2323715442
1098	29023	232.709671414
1099	29025	99.6236440115
1100	29027	216.759776536
1101	29029	172.644874037
1102	29031	25.6268979921
1103	29033	88.4662169634
1104	29035	159.795461809
1105	29037	25.7708967281
1106	29039	207.855504587
1107	29041	558.87704705
1108	29043	45.0664425525
1109	29045	43.3714037878
1110	29047	23.1083267004
1111	29049	339.918222573
1112	29051	39.1864884988
1113	29053	17.0599943133
1114	29055	77.0791075051
1115	29059	317.285984502
1116	29061	60.2627455707
1117	29065	44.7141488342
1118	29067	125.498302082
1119	29069	70.1888718734
1120	29071	79.3464205948
1121	29073	47.0873133324
1122	29075	0.0
1123	29077	15.3918807829
1124	29079	0.0
1125	29081	0.0
1126	29083	108.9522426
1127	29085	21.6943269335
1128	29087	221.43489814
1129	29089	29.530465597
1130	29091	64.7200856297
1131	29093	350.6379663
1132	29095	7.90408538754
1133	29097	159.090715738
1134	29099	143.680741393
1135	29101	38.6299253155
1136	29103	0.0
1137	29105	95.9395016789
1138	29107	42.8291727851
1139	29109	102.569497409
1140	29111	29.5916354311
1141	29113	130.877988534
1142	29115	89.3509869223
1143	29117	26.5727761908
1144	29119	486.842105263
1145	29121	155.048775761
1146	29123	177.87839586
1147	29125	55.475424387
1148	29127	27.6625172891
1149	29129	80.6668459263
1150	29131	262.519390637
1151	29133	49.1849353569
1152	29135	107.21493441
1153	29137	22.9700241185
1154	29139	33.7809306646
1155	29141	93.8735177866
1156	29143	60.2014010508
1157	29145	42.6635721356
1158	29147	34.660543304
1159	29149	91.6506278068
1160	29151	65.6790483836
1161	29153	126.422250316
1162	29155	39.6600566572
1163	29157	98.9480262473
1164	29159	47.3653049142
1165	29161	149.396838139
1166	29163	48.5410711396
1167	29165	34.8145334853
1168	29167	170.670445031
1169	29169	130.997829179
1170	29173	58.5080448562
1171	29175	23.9310784939
1172	29177	178.657022092
1173	29179	213.25209444
1174	29181	100.221919966
1175	29183	32.938683981
1176	29185	296.076980015
1177	29186	262.364631015
1178	29187	84.8999393572
1179	29195	17.1328222041
1180	29197	160.183066362
1181	29199	41.1268764137
1182	29201	323.88247693
1183	29203	108.056189218
1184	29205	16.3719711853
1185	29207	66.9635383534
1186	29209	424.382716049
1187	29211	124.785524879
1188	29213	151.207818551
1189	29215	66.2974806957
1190	29217	247.607256797
1191	29219	210.507322648
1192	29221	263.18937672
1193	29223	200.713648528
1194	29225	70.4836261115
1195	29227	96.4785335263
1196	29229	147.613580449
1197	30001	42.8036383093
1198	30005	75.5401117994
1199	30007	299.982353979
1200	30009	115.395711126
1201	30011	0.0
1202	30013	52.2199553094
1203	30017	8.26993053258
1204	30019	55.7724484105
1205	30021	73.544862366
1206	30023	382.513661202
1207	30025	0.0
1208	30027	166.05488551
1209	30029	210.694871687
1210	30031	67.8258724874
1211	30033	0.0
1212	30035	116.822429907
1213	30037	234.741784038
1214	30039	124.649423496
1215	30041	84.3576765486
1216	30043	224.952413912
1217	30045	251.130085384
1218	30047	329.90824427
1219	30049	129.069484937
1220	30053	146.405228758
1221	30055	0.0
1222	30057	63.9386189258
1223	30059	107.933081489
1224	30063	70.1075574172
1225	30065	435.824798431
1226	30067	100.755667506
1227	30071	214.694656489
1228	30073	16.0797555877
1229	30077	289.477493125
1230	30079	174.216027875
1231	30081	109.675846941
1232	30083	60.4699378023
1233	30085	220.614189905
1234	30087	182.286081922
1235	30089	105.596620908
1236	30091	459.956709957
1237	30093	354.671280277
1238	30095	150.699677072
1239	30099	131.926121372
1240	30101	504.854368932
1241	30105	13.0890052356
1242	30107	0.0
1243	30109	0.0
1244	30111	48.8325173163
1245	31001	19.073656102
1246	31003	31.2597686777
1247	31005	0.0
1248	31013	0.0
1249	31017	0.0
1250	31019	22.8102189781
1251	31021	60.8550129317
1252	31023	60.6134076858
1253	31027	46.4576074332
1254	31029	0.0
1255	31031	52.0652551198
1256	31039	11.0778774787
1257	31043	62.3501199041
1258	31045	11.0595001106
1259	31047	33.2005312085
1260	31049	0.0
1261	31051	0.0
1262	31053	24.4937949053
1263	31055	24.4825529596
1264	31061	0.0
1265	31067	207.72746157
1266	31079	29.2721004358
1267	31081	54.7345374932
1268	31087	68.9417442261
1269	31089	57.6756704797
1270	31091	0.0
1271	31097	115.718418515
1272	31099	75.2558699579
1273	31101	12.3137544637
1274	31103	0.0
1275	31105	26.9323996768
1276	31107	82.5277057298
1277	31109	7.62106728077
1278	31111	33.5055144493
1279	31119	14.2150452038
1280	31123	0.0
1281	31127	55.7491289199
1282	31133	0.0
1283	31135	69.1802144587
1284	31137	54.4247305976
1285	31139	55.5401277423
1286	31141	18.3677217902
1287	31143	0.0
1288	31145	9.20217171252
1289	31149	0.0
1290	31155	28.6820593719
1291	31157	19.1964897847
1292	31159	11.6618075802
1293	31161	0.0
1294	31167	16.4771791069
1295	31169	210.325047801
1296	31173	28.6985220261
1297	31177	9.87264290651
1298	31179	10.6033294454
1299	31181	164.024056862
1300	31183	0.0
1301	31185	7.18545663577
1302	32001	104.214431614
1303	32005	164.086166274
1304	32007	68.2257514308
1305	32009	121.654501217
1306	32011	396.432111001
1307	32013	272.006481857
1308	32015	582.459643868
1309	32017	19.2901234568
1310	32019	270.327675761
1311	32023	144.269429071
1312	32027	343.386085399
1313	32029	715.746421268
1314	32031	34.9937965542
1315	32033	308.949571457
1316	32510	293.459520927
1317	33003	35.865735564
1318	33005	2.62760296919
1319	33013	2.71792676546
1320	33015	1.66322379341
1321	34001	0.0
1322	34003	0.0
1323	34005	0.0
1324	34007	0.0
1325	34009	2.09766739386
1326	34011	0.0
1327	34013	14.452265424
1328	34015	0.0
1329	34017	0.0
1330	34019	0.0
1331	34021	0.0
1332	34025	0.158912024714
1333	34027	0.0
1334	34029	0.0
1335	34031	0.0
1336	34033	3.09047361508
1337	34035	0.0
1338	34037	0.0
1339	34039	0.0
1340	34041	0.0
1341	35001	90.740743482
1342	35003	84.3644544432
1343	35005	71.3439995143
1344	35006	292.51526564
1345	35007	70.9779179811
1346	35009	33.3536070945
1347	35011	328.767123288
1348	35015	72.7014806277
1349	35019	246.195165622
1350	35023	241.228070175
1351	35025	72.8581836883
1352	35027	106.566527961
1353	35028	0.0
1354	35029	202.650670774
1355	35031	112.013819536
1356	35033	108.885017422
1357	35035	155.188838696
1358	35037	23.5266439242
1359	35039	110.616688036
1360	35043	21.0743561421
1361	35045	256.089186897
1362	35047	17.7060094196
1363	35049	38.4708836155
1364	35051	211.920529801
1365	35053	103.986135182
1366	35055	253.89916576
1367	35057	313.881237589
1368	35059	93.0882010705
1369	35061	489.336164712
1370	36029	18.9633032991
1371	36033	0.0
1372	36035	9.2412900841
1373	36039	12.5085996623
1374	36041	21.2089077413
1375	36043	0.0
1376	36089	10.7719928187
1377	36093	2.56846566282
1378	36103	5.45587131596
1379	37001	78.9514224094
1380	37003	147.090286692
1381	37005	91.9202132549
1382	37007	124.19949544
1383	37009	51.6110005161
1384	37011	118.156754628
1385	37013	130.293159609
1386	37015	109.42007361
1387	37017	190.43771821
1388	37019	80.783600929
1389	37021	36.3216904354
1390	37023	97.2219118074
1391	37025	20.8221631104
1392	37027	66.2706789063
1393	37029	29.0388152163
1394	37033	190.624729226
1395	37035	72.4759599829
1396	37037	112.084776849
1397	37039	162.11635533
1398	37041	116.662091683
1399	37043	245.723466591
1400	37045	41.204829206
1401	37047	217.72338595
1402	37049	98.5551621854
1403	37051	145.865509549
1404	37053	196.188340807
1405	37055	65.5195989061
1406	37057	57.2919206202
1407	37059	123.087319593
1408	37061	172.004943055
1409	37063	15.9614209061
1410	37065	111.044363133
1411	37067	65.9735339367
1412	37069	76.360165447
1413	37071	0.94729712448
1414	37077	83.7606837607
1415	37081	28.7042660007
1416	37083	152.916745328
1417	37085	159.47452355
1418	37087	166.467690135
1419	37089	81.8720816202
1420	37091	90.5051834787
1421	37093	83.3155722617
1422	37097	101.994900255
1423	37101	72.206941788
1424	37105	48.6071536321
1425	37107	167.564332735
1426	37109	96.4561750742
1427	37111	75.6143667297
1428	37113	82.6568265683
1429	37115	28.3594082337
1430	37117	119.382621301
1431	37123	149.662347144
1432	37125	66.6115151971
1433	37127	47.6912152781
1434	37129	81.3692220917
1435	37131	219.909104237
1436	37133	91.1567309384
1437	37135	20.6523287281
1438	37137	270.3120173
1439	37139	110.588885817
1440	37141	152.888888889
1441	37143	59.4088816278
1442	37145	112.439946847
1443	37147	100.938672628
1444	37149	39.2985213931
1445	37151	79.1438456905
1446	37153	293.005051057
1447	37155	121.697833185
1448	37157	61.0713662537
1449	37159	134.89143764
1450	37161	112.612612613
1451	37163	153.005464481
1452	37165	179.896559478
1453	37171	87.709680956
1454	37173	189.155107188
1455	37175	108.942351339
1456	37177	218.712029162
1457	37179	73.2037626734
1458	37181	132.245483481
1459	37183	17.8233307399
1460	37185	207.602194652
1461	37189	38.0517503805
1462	37191	83.5636690879
1463	37193	159.795461809
1464	37195	74.9376543286
1465	37197	206.392887384
1466	37199	22.7092085841
1467	38001	83.8926174497
1468	38003	53.8406317301
1469	38005	14.6348602371
1470	38007	0.0
1471	38009	105.263157895
1472	38011	61.5953187558
1473	38013	44.5434298441
1474	38015	38.6727511795
1475	38017	8.98176701296
1476	38019	77.8210116732
1477	38021	0.0
1478	38023	0.0
1479	38025	113.662195954
1480	38029	29.2226767972
1481	38033	109.589041096
1482	38035	18.5348883629
1483	38037	84.7098686997
1484	38039	86.2440707201
1485	38041	0.0
1486	38043	123.762376238
1487	38047	0.0
1488	38049	50.1002004008
1489	38051	107.104605498
1490	38053	154.601673336
1491	38055	62.6435581541
1492	38057	57.168991539
1493	38059	67.0645831936
1494	38061	224.902882846
1495	38063	131.362889984
1496	38065	108.108108108
1497	38067	112.233445567
1498	38069	0.0
1499	38071	25.942580422
1500	38073	91.8105031216
1501	38075	38.6548125242
1502	38077	36.5141187926
1503	38081	50.8776392775
1504	38083	150.829562594
1505	38085	22.6142017187
1506	38089	13.170025023
1507	38093	37.8626532254
1508	38097	49.4926998268
1509	38099	45.5788514129
1510	38101	38.913870633
1511	38103	0.0
1512	38105	121.381886088
1513	39001	42.6605993814
1514	39003	36.1766945925
1515	39005	20.7410200811
1516	39007	37.3077892614
1517	39009	27.8151221547
1518	39013	53.2673010754
1519	39021	38.3357186669
1520	39023	37.3478623841
1521	39025	47.1323675332
1522	39027	21.513087128
1523	39029	13.246787654
1524	39033	7.06214689266
1525	39037	28.7378343168
1526	39039	23.3705531031
1527	39041	7.40298128632
1528	39043	5.27509627051
1529	39045	21.2792839521
1530	39047	90.2777777778
1531	39051	44.6218882104
1532	39053	88.8245550548
1533	39057	17.0919301673
1534	39061	22.1910638198
1535	39063	7.96421413117
1536	39065	37.7405963014
1537	39067	135.109052307
1538	39069	46.533271289
1539	39071	25.5546521083
1540	39075	15.946056768
1541	39079	51.9115671186
1542	39081	5.90894318551
1543	39083	53.9506596694
1544	39085	76.7787811368
1545	39087	103.857325998
1546	39091	19.7771771376
1547	39093	17.0931180477
1548	39095	14.2435088654
1549	39097	27.3236486179
1550	39099	2.14404555668
1551	39101	39.5617772368
1552	39105	94.2951438001
1553	39107	41.6350322059
1554	39109	15.3994225217
1555	39111	48.3926719668
1556	39113	33.0134529821
1557	39115	215.589840329
1558	39117	42.6718252162
1559	39119	52.4365517724
1560	39123	9.71958983331
1561	39125	21.0648270051
1562	39129	54.504536184
1563	39131	56.6251415629
1564	39133	30.8866952472
1565	39135	45.6884528447
1566	39137	55.6027040473
1567	39139	25.4219218973
1568	39141	104.978032375
1569	39147	84.4275988432
1570	39149	30.6428877857
1571	39151	23.9529882684
1572	39153	10.3331900218
1573	39155	10.235165103
1574	39159	26.0339184766
1575	39163	52.8940607526
1576	39169	25.1001843565
1577	39173	9.25997376341
1578	39175	13.4210173131
1579	40001	279.455512485
1580	40003	17.2711571675
1581	40005	0.0
1582	40007	72.9128691214
1583	40009	67.5361951796
1584	40011	20.1673893315
1585	40013	22.4789821517
1586	40015	129.617627997
1587	40017	15.4342424102
1588	40019	34.8210810922
1589	40021	153.079166753
1590	40023	131.917419695
1591	40025	0.0
1592	40027	21.4888035923
1593	40029	34.4411916652
1594	40031	22.3940879608
1595	40033	16.2601626016
1596	40035	61.7199286792
1597	40037	79.2841771435
1598	40039	16.9491525424
1599	40041	26.5405587994
1600	40043	20.35002035
1601	40045	192.771084337
1602	40047	15.8501212534
1603	40049	83.451253583
1604	40051	7.4274891373
1605	40053	66.6518551433
1606	40055	16.2575191026
1607	40057	0.0
1608	40059	0.0
1609	40061	7.75434243176
1610	40063	57.9458206577
1611	40065	11.5393491807
1612	40067	63.5727908455
1613	40071	24.1875192401
1614	40073	32.1916044296
1615	40075	64.2673521851
1616	40077	215.09398672
1617	40079	100.480295814
1618	40081	83.7690285681
1619	40083	75.0949730542
1620	40085	10.2322725877
1621	40087	26.8003108836
1622	40089	87.7458396369
1623	40091	119.474313023
1624	40093	12.9032258065
1625	40095	86.515881844
1626	40097	66.1505292042
1627	40099	43.468811128
1628	40101	90.0437355287
1629	40103	17.4003828084
1630	40105	19.0041809198
1631	40107	180.53504021
1632	40109	0.515722975278
1633	40109	2.61023342012
1634	40111	51.1574370124
1635	40113	66.6930660053
1636	40115	6.22955925868
1637	40117	73.1662703494
1638	40119	26.1636599223
1639	40121	2.2408461435
1640	40123	84.1994474411
1641	40125	47.3465068026
1642	40127	125.842696629
1643	40129	132.943366126
1644	40131	114.680175917
1645	40133	43.2713111207
1646	40135	125.731418347
1647	40137	15.732811903
1648	40139	22.8801537546
1649	40141	144.205558469
1650	40143	33.1957852471
1651	40145	72.6532984598
1652	40149	199.185935741
1653	40151	32.2997416021
1654	40153	37.1591806401
1655	41001	74.7244535774
1656	41003	31.2804115112
1657	41007	32.0222020601
1658	41009	16.1750136477
1659	41011	30.4121648659
1660	41013	90.484808077
1661	41017	46.9516632627
1662	41019	111.244063867
1663	41021	0.0
1664	41023	0.0
1665	41025	42.0993544766
1666	41029	83.2195998802
1667	41035	85.5549614239
1668	41041	109.899581951
1669	41043	19.2700827776
1670	41045	16.4695806845
1671	41047	19.0119898194
1672	41051	13.9047677904
1673	41053	44.92017044
1674	41055	58.4795321637
1675	41057	39.4601846737
1676	41061	58.3862052859
1677	41063	0.0
1678	41067	57.193808859
1679	41071	38.3262249651
1680	42001	0.0
1681	42003	0.893397387219
1682	42007	0.0
1683	42009	0.0
1684	42011	1.20863156317
1685	42013	0.79393434163
1686	42015	0.0
1687	42017	0.0
1688	42019	0.0
1689	42027	0.0
1690	42031	0.0
1691	42041	0.0
1692	42047	0.0
1693	42049	0.0
1694	42055	0.0
1695	42063	2.28034570041
1696	42065	2.24024373852
1697	42071	0.0
1698	42081	0.0
1699	42085	1.74088645939
1700	42089	0.0
1701	42095	0.0
1702	42103	0.0
1703	42107	0.0
1704	42109	2.47997420827
1705	42117	0.0
1706	42119	0.0
1707	42125	0.0
1708	42127	0.0
1709	42129	0.278303462095
1710	42133	1.13441707978
1711	45001	132.185059083
1712	45007	381.204294383
1713	45009	151.495191674
1714	45011	450.840202195
1715	45013	381.57086641
1716	45017	221.804005915
1717	45019	145.926013412
1718	45023	482.419519436
1719	45025	212.466124661
1720	45027	372.29208806
1721	45029	714.834132006
1722	45033	497.959970444
1723	45035	216.206750231
1724	45039	626.740947075
1725	45041	168.06601978
1726	45045	437.077422776
1727	45047	202.819332566
1728	45049	210.732663563
1729	45057	360.75036075
1730	45059	362.226263659
1731	45061	370.713623726
1732	45063	186.406034086
1733	45067	275.576989321
1734	45071	148.2148056
1735	45073	373.709969146
1736	45075	382.95038295
1737	45077	191.080685897
1738	45079	493.81670759
1739	45081	169.779286927
1740	45083	224.499390207
1741	45085	366.01525218
1742	45087	340.79494906
1743	45091	179.338566759
1744	46003	109.289617486
1745	46005	22.0155209423
1746	46007	87.4635568513
1747	46009	14.2389292325
1748	46011	27.0156690881
1749	46013	31.2434909394
1750	46019	38.8424936881
1751	46021	0.0
1752	46023	150.74835792
1753	46025	82.304526749
1754	46027	43.0663221361
1755	46029	17.8967714224
1756	46031	0.0
1757	46033	47.3653049142
1758	46035	5.02891626854
1759	46039	46.3821892393
1760	46041	0.0
1761	46043	100.908173562
1762	46045	0.0
1763	46049	0.0
1764	46057	0.0
1765	46059	0.0
1766	46061	58.4966364434
1767	46063	0.0
1768	46065	11.3365831538
1769	46067	0.0
1770	46073	0.0
1771	46081	20.2782171391
1772	46083	32.9789710561
1773	46087	0.0
1774	46089	41.1692054343
1775	46091	234.892163143
1776	46093	25.973062224
1777	46095	190.476190476
1778	46097	43.1778929188
1779	46099	21.3252261021
1780	46101	15.7059839799
1781	46103	69.289185344
1782	46105	32.9706561161
1783	46107	0.0
1784	46109	19.2789666474
1785	46113	0.0
1786	46115	15.1561079115
1787	46117	134.09319477
1788	46119	0.0
1789	46123	36.2844702467
1790	46125	48.3558994197
1791	46127	79.8456317786
1792	46135	57.3091165579
1793	46137	0.0
1794	47001	100.624933799
1795	47003	53.617003024
1796	47005	117.683493342
1797	47007	71.7823558969
1798	47009	235.081803719
1799	47011	181.597475115
1800	47013	97.7002855855
1801	47015	72.6902667733
1802	47017	112.795206204
1803	47019	121.295222023
1804	47021	251.483754149
1805	47023	138.097704126
1806	47025	354.520131679
1807	47027	103.026400515
1808	47029	319.443659185
1809	47031	134.270742032
1810	47033	204.526861194
1811	47035	174.182978356
1812	47039	171.438367907
1813	47041	77.8492837866
1814	47043	201.680672269
1815	47045	121.260050086
1816	47047	194.81684653
1817	47049	179.221506581
1818	47053	97.0245795602
1819	47055	110.907011403
1820	47057	104.968509447
1821	47059	201.946293993
1822	47061	230.912476723
1823	47063	169.744273114
1824	47065	80.0068333238
1825	47067	135.19603425
1826	47069	342.769112267
1827	47071	224.19791264
1828	47073	158.632237596
1829	47075	236.458619742
1830	47077	307.044164376
1831	47079	170.786237734
1832	47081	336.286089239
1833	47083	157.251723721
1834	47085	137.854976565
1835	47087	190.179806362
1836	47089	144.275490252
1837	47091	408.757489221
1838	47093	119.02532966
1839	47095	26.208884812
1840	47097	138.777298956
1841	47099	267.303780101
1842	47101	218.377288762
1843	47103	181.347920445
1844	47105	139.843611511
1845	47107	155.816516551
1846	47109	270.30113831
1847	47111	139.112289701
1848	47113	139.542463688
1849	47115	140.810363643
1850	47117	108.733889795
1851	47119	114.599777817
1852	47121	316.212289548
1853	47123	205.602104658
1854	47125	74.2257621301
1855	47127	110.777021681
1856	47129	166.20498615
1857	47131	93.7267703048
1858	47133	181.587071001
1859	47135	217.335719765
1860	47137	78.0640124902
1861	47139	179.31858936
1862	47141	165.846423515
1863	47143	183.817897736
1864	47145	128.914840373
1865	47147	142.481528812
1866	47149	52.2661350058
1867	47151	140.992404603
1868	47153	251.632208923
1869	47155	132.478183156
1870	47157	62.6329485526
1871	47159	184.123310011
1872	47161	384.06506514
1873	47163	143.905964457
1874	47165	61.9549986683
1875	47167	331.04522662
1876	47171	183.710961421
1877	47173	235.441845864
1878	47175	195.27782709
1879	47177	112.587255123
1880	47179	116.443022132
1881	47181	248.329687223
1882	47183	72.7315043784
1883	47185	201.513250447
1884	47187	28.7487940125
1885	48001	109.32375449
1886	48003	80.1052812268
1887	48005	100.284900285
1888	48007	256.287041486
1889	48009	113.494495517
1890	48011	153.452685422
1891	48015	41.217283781
1892	48017	173.661360347
1893	48019	95.7304231285
1894	48021	236.969859996
1895	48023	0.0
1896	48025	100.416882208
1897	48027	33.7242510786
1898	48029	22.8464770625
1899	48031	64.7428782834
1900	48033	306.748466258
1901	48035	56.2429696288
1902	48037	113.642455106
1903	48039	41.4049283695
1904	48041	25.3404222766
1905	48043	76.3109124605
1906	48045	0.0
1907	48047	27.8009452321
1908	48049	37.1816322737
1909	48051	127.514055527
1910	48053	82.3265024587
1911	48055	60.286360211
1912	48057	36.7022984814
1913	48059	59.2022496855
1914	48061	45.4337856096
1915	48063	47.5398145947
1916	48065	266.090138034
1917	48067	194.970423978
1918	48069	64.2590926616
1919	48071	209.726045353
1920	48073	145.377391851
1921	48075	14.1063619692
1922	48077	125.361620058
1923	48079	170.357751278
1924	48081	30.7314074985
1925	48085	5.87410659922
1926	48087	33.1455087836
1927	48089	111.009218592
1928	48091	173.00758323
1929	48093	22.1402214022
1930	48095	0.0
1931	48099	18.5278314497
1932	48101	0.0
1933	48103	20.202020202
1934	48105	183.630640084
1935	48107	16.9520257671
1936	48109	0.0
1937	48111	14.0154169587
1938	48113	1.86608794118
1939	48115	7.47831289261
1940	48117	57.3065902579
1941	48119	38.1825124093
1942	48121	6.90238304775
1943	48123	130.535679752
1944	48125	0.0
1945	48127	144.287131391
1946	48129	536.268698843
1947	48131	364.172374924
1948	48133	27.5088028169
1949	48137	106.43959553
1950	48139	18.830382194
1951	48141	33.3538495501
1952	48143	47.3260766682
1953	48145	52.975454706
1954	48147	109.623133444
1955	48149	76.5110941086
1956	48151	287.131297311
1957	48153	184.905026055
1958	48157	136.865374373
1959	48159	188.679245283
1960	48161	65.7828155045
1961	48163	21.5854514058
1962	48165	20.592020592
1963	48167	46.7857847599
1964	48169	77.7000777001
1965	48171	23.5109717868
1966	48173	0.0
1967	48175	211.948602464
1968	48177	68.4195093344
1969	48179	43.3952438813
1970	48181	36.4272184176
1971	48183	69.8029284763
1972	48185	103.047254527
1973	48187	46.8590831919
1974	48189	8.64055299539
1975	48191	95.328884652
1976	48193	109.769484083
1977	48195	108.912688328
1978	48197	25.4582484725
1979	48199	79.1068121753
1980	48201	195.165005392
1981	48203	114.351906855
1982	48205	0.0
1983	48207	34.6680533888
1984	48209	104.310228348
1985	48211	382.775119617
1986	48213	228.275949048
1987	48215	66.7811371564
1988	48217	77.479338843
1989	48219	165.415447258
1990	48221	135.38324586
1991	48223	50.1099635311
1992	48225	43.9734400422
1993	48227	98.223786527
1994	48229	93.4288383681
1995	48231	185.325392969
1996	48233	87.2640426216
1997	48235	63.5324015248
1998	48237	56.4652738566
1999	48239	61.0624872786
2000	48241	213.771377138
2001	48243	317.604355717
2002	48245	17.8405058775
2003	48247	114.17697431
2004	48249	164.437888424
2005	48251	44.4568641398
2006	48253	50.1605136437
2007	48255	80.5044948343
2008	48257	97.989859398
2009	48259	48.8683127572
2010	48261	500.0
2011	48263	254.777070064
2012	48265	83.0663344013
2013	48267	45.0653447499
2014	48269	0.0
2015	48271	0.0
2016	48273	86.9835352594
2017	48275	77.7604976672
2018	48277	78.7512872807
2019	48279	95.7713275379
2020	48281	4.9613018456
2021	48283	80.2782981001
2022	48285	65.9195781147
2023	48287	107.514036555
2024	48289	41.5159243224
2025	48291	250.905692743
2026	48293	89.2705322224
2027	48295	140.726146918
2028	48297	124.0592176
2029	48299	102.511532547
2030	48301	1162.79069767
2031	48303	40.4797703198
2032	48305	0.0
2033	48307	12.1966093426
2034	48309	27.1112918531
2035	48311	124.223602484
2036	48313	151.504220475
2037	48315	551.778500345
2038	48317	201.465201465
2039	48319	98.2559567674
2040	48321	156.083134807
2041	48323	113.989092121
2042	48325	52.1986052533
2043	48327	512.342803912
2044	48329	47.4876467946
2045	48331	45.3496042216
2046	48333	20.5338809035
2047	48335	11.0180696342
2048	48337	51.5039142975
2049	48339	115.040649623
2050	48341	9.03016073686
2051	48343	164.796358785
2052	48345	0.0
2053	48347	119.446869114
2054	48349	95.4455856417
2055	48351	63.6582260574
2056	48353	26.5023520837
2057	48355	14.5976795304
2058	48357	46.4770403421
2059	48359	144.927536232
2060	48361	110.268119329
2061	48363	39.1514806378
2062	48365	206.150868779
2063	48367	64.1421194505
2064	48369	0.0
2065	48371	50.3366261876
2066	48373	223.529156449
2067	48375	25.4877617634
2068	48377	86.0091743119
2069	48379	99.7099347353
2070	48381	40.5552955857
2071	48383	0.0
2072	48385	0.0
2073	48387	48.2082596818
2074	48389	111.506028295
2075	48391	178.033415503
2076	48393	215.517241379
2077	48395	24.2424242424
2078	48397	18.2213668303
2079	48399	0.0
2080	48401	155.777682992
2081	48403	318.84057971
2082	48405	185.830429733
2083	48407	243.551422562
2084	48409	88.1715609355
2085	48411	88.9363215937
2086	48413	0.0
2087	48415	57.7100646353
2088	48417	149.566257852
2089	48419	152.851263962
2090	48421	64.850843061
2091	48423	98.2443954999
2092	48425	69.0131124914
2093	48427	154.078309904
2094	48429	85.0611376927
2095	48431	224.047796863
2096	48433	0.0
2097	48435	25.1762336354
2098	48437	39.5726157499
2099	48439	5.34605420076
2100	48441	32.5581051183
2101	48443	107.874865156
2102	48445	39.2495486302
2103	48447	0.0
2104	48449	107.672429705
2105	48451	15.4363336992
2106	48453	46.6492057908
2107	48455	140.607424072
2108	48459	123.903454428
2109	48461	28.95193978
2110	48463	36.8772356824
2111	48465	34.7122963205
2112	48467	88.8300888301
2113	48469	79.0505154752
2114	48471	75.9432002178
2115	48473	57.6676633917
2116	48475	232.258064516
2117	48477	119.054532784
2118	48479	31.4992518928
2119	48481	238.048970074
2120	48483	35.0017500875
2121	48485	15.110876053
2122	48487	0.0
2123	48489	228.279231156
2124	48491	28.8196218702
2125	48493	68.9625447179
2126	48495	25.5721774709
2127	48497	92.4754210065
2128	48499	88.6773079436
2129	48501	96.5483948829
2130	48503	70.8446866485
2131	48505	97.7721907954
2132	49001	46.4324407986
2133	49003	11.6464148453
2134	49005	14.3650237023
2135	49009	89.5255147717
2136	49011	4.24638753746
2137	49013	117.762512267
2138	49015	159.909698053
2139	49019	42.4223141372
2140	49021	65.5820939728
2141	49023	57.219149342
2142	49025	55.1419906259
2143	49027	261.780104712
2144	49033	87.2219799389
2145	49037	59.0125237689
2146	49039	21.0696351442
2147	49041	38.5115293891
2148	49043	84.388185654
2149	49045	38.9623039709
2150	49047	78.6611332628
2151	49049	1.46114277676
2152	49049	7.66523938721
2153	49051	46.9077000794
2154	49053	11.8461578961
2155	49057	17.88127664
2156	50001	21.6163635872
2157	50005	0.0
2158	50007	0.0
2159	50011	20.5583651988
2160	50013	71.4898484415
2161	50015	27.9084602504
2162	50017	10.395370595
2163	50021	3.3285623939
2164	50023	0.0
2165	51001	208.957935859
2166	51005	101.137800253
2167	51007	77.7907429016
2168	51009	115.477045036
2169	51011	78.5391714117
2170	51015	132.679862446
2171	51017	0.0
2172	51019	67.9001867255
2173	51021	30.1886792453
2174	51023	96.6767371601
2175	51025	90.9201115287
2176	51027	147.147926945
2177	51029	124.164843611
2178	51031	145.759314931
2179	51035	91.1515478883
2180	51036	71.1946461626
2181	51043	20.8001109339
2182	51045	19.105846389
2183	51047	61.0177765122
2184	51049	142.464638242
2185	51051	78.3903841129
2186	51057	135.098621994
2187	51061	38.0963544719
2188	51063	38.5158556939
2189	51065	76.6518473095
2190	51067	90.4929202598
2191	51069	108.039865496
2192	51071	112.994350282
2193	51073	96.9279233192
2194	51075	113.967906637
2195	51077	112.634996356
2196	51079	94.5825232515
2197	51081	85.6091088092
2198	51083	90.9090909091
2199	51085	104.986361585
2200	51089	220.809892283
2201	51091	0.0
2202	51093	105.535034854
2203	51097	41.8118466899
2204	51099	114.303732608
2205	51101	37.0690720376
2206	51103	117.710974285
2207	51105	120.235661897
2208	51107	60.8731579672
2209	51109	177.594037499
2210	51111	72.1963741377
2211	51113	76.0051683514
2212	51115	11.3173381621
2213	51117	179.533213645
2214	51121	43.1903253671
2215	51125	60.6060606061
2216	51127	89.9055991209
2217	51131	49.5008662652
2218	51133	97.9511876582
2219	51135	96.2834585018
2220	51137	59.9554616571
2221	51139	67.0915800067
2222	51141	98.5545335085
2223	51143	60.9140310662
2224	51145	70.3012408169
2225	51147	147.35199792
2226	51155	151.506322475
2227	51159	112.334306897
2228	51163	85.0987593497
2229	51165	80.5925471083
2230	51167	139.171394926
2231	51169	67.0121515368
2232	51171	120.871202436
2233	51173	76.0576770718
2234	51175	105.210698267
2235	51177	164.875994674
2236	51179	172.867020973
2237	51181	206.18556701
2238	51183	50.9900569389
2239	51185	149.590352573
2240	51187	48.7341934491
2241	51191	87.704873102
2242	51193	108.714310236
2243	51195	117.691248278
2244	51197	54.9431681604
2245	51199	141.690030448
2246	53001	83.4245789666
2247	53003	72.1078011627
2248	53005	23.0580311659
2249	53007	49.6058347187
2250	53009	74.2625318022
2251	53011	66.0742159784
2252	53013	0.0
2253	53015	67.558967229
2254	53017	47.7338960908
2255	53019	91.3003782444
2256	53021	26.1932148185
2257	53023	90.2934537246
2258	53025	110.577903744
2259	53027	77.6638707673
2260	53029	51.7187007253
2261	53031	99.2457324335
2262	53033	20.1445503703
2263	53035	143.990746824
2264	53037	25.8689619491
2265	53039	19.1745362159
2266	53041	67.8841443936
2267	53043	68.2926829268
2268	53045	166.361944293
2269	53047	106.563332526
2270	53049	106.998686834
2271	53051	61.6095494802
2272	53053	130.299737477
2273	53055	43.7090227911
2274	53057	89.7270801313
2275	53059	105.82010582
2276	53061	57.6632178445
2277	53063	35.5138565984
2278	53065	80.1832760596
2279	53067	84.6338738617
2280	53069	24.5881485124
2281	53071	35.0912372168
2282	53073	60.4748717309
2283	53075	6.40656031777
2284	53077	39.5660652356
2285	54003	71.4951537146
2286	54005	37.9522644851
2287	54007	27.656779368
2288	54009	21.2494687633
2289	54011	16.4763307211
2290	54019	139.590534432
2291	54023	8.55651578677
2292	54027	174.594387429
2293	54029	39.8512221041
2294	54031	71.8236012354
2295	54033	78.5328892832
2296	54035	144.201057474
2297	54039	94.6257813198
2298	54041	0.0
2299	54045	305.53355211
2300	54049	116.191046248
2301	54051	101.801579467
2302	54053	40.7166123779
2303	54057	116.03452027
2304	54059	62.2180743506
2305	54061	59.9248040362
2306	54063	29.4507436313
2307	54065	309.402395004
2308	54067	588.531381887
2309	54069	60.0073855244
2310	54073	39.2978779146
2311	54077	53.2733514857
2312	54079	389.29011802
2313	54081	153.372272849
2314	54083	64.5621665704
2315	54085	29.9670362601
2316	54087	102.291325696
2317	54095	98.9228401847
2318	54097	4.04350814767
2319	54099	34.04503672
2320	54103	12.5093820365
2321	54105	51.3259195894
2322	54107	62.6181337477
2323	54109	455.792548013
2324	55001	197.872866683
2325	55003	86.9403216792
2326	55005	6.59993400066
2327	55007	120.12012012
2328	55009	36.2332956715
2329	55011	0.0
2330	55013	202.244258873
2331	55015	18.1851245681
2332	55017	58.3044437441
2333	55019	20.3352409726
2334	55021	63.5873885013
2335	55023	73.2064421669
2336	55025	8.52244113705
2337	55027	25.9669880552
2338	55029	28.8122163797
2339	55031	27.4612110394
2340	55033	58.684121431
2341	55035	19.6920168564
2342	55037	66.9493416648
2343	55039	39.3085623876
2344	55041	219.130053687
2345	55043	23.1530610276
2346	55045	26.9810862585
2347	55047	26.5449139945
2348	55049	75.5508919203
2349	55051	33.8009126246
2350	55053	62.9478985086
2351	55055	14.2188518277
2352	55057	121.235082402
2353	55059	19.6349096794
2354	55061	14.6742320485
2355	55063	8.47378634195
2356	55065	0.0
2357	55067	30.9119010819
2358	55069	59.6637770681
2359	55071	29.9401197605
2360	55073	13.9932243335
2361	55075	16.9499733643
2362	55077	13.2890365449
2363	55078	0.0
2364	55079	2.09116212153
2365	55081	17.6292998964
2366	55085	126.536006524
2367	55087	10.4392162896
2368	55089	18.2919858237
2369	55091	68.166325835
2370	55093	36.6228819767
2371	55095	191.081336188
2372	55097	24.1196333816
2373	55099	58.5009140768
2374	55101	8.19827528784
2375	55105	25.4361366851
2376	55107	111.630503035
2377	55109	20.7471270992
2378	55111	23.6671452689
2379	55113	158.179716493
2380	55115	31.2657832079
2381	55117	19.0823141643
2382	55119	97.3709834469
2383	55121	37.2767630215
2384	55123	49.4038600883
2385	55125	37.3866716516
2386	55127	13.5230422981
2387	55129	140.180960877
2388	55131	20.2625121012
2389	55133	13.9198922853
2390	55135	40.3334229632
2391	55137	62.0398709571
2392	55139	18.2878987204
2393	55141	1.35854798391
2394	56001	23.8025971278
2395	56003	25.1466890193
2396	56005	68.2947019868
2397	56007	107.228459695
2398	56009	49.6559551678
2399	56011	96.5783664459
2400	56013	61.420534113
2401	56015	155.394405801
2402	56017	20.7641196013
2403	56019	23.3290563397
2404	56021	64.3226924234
2405	56023	37.7012980018
2406	56025	49.0051945506
2407	56029	93.1387767774
2408	56031	22.7298556654
2409	56033	19.978689398
2410	56035	99.4332305857
2411	56037	79.982226172
2412	56041	0.0
2413	56043	48.0653689017
2414	56045	69.4348007221
